<?xml version="1.0" encoding="UTF-8"?>
<site>
   <description name="Activiti Eclipse BPMN 2.0 Designer Update Site" url="http://activiti.org/designer/update">
      Activiti Eclipse BPMN 2.0 Designer Update Site
   </description>
   <feature url="features/org.activiti.designer.feature_0.6.0.jar" id="org.activiti.designer.feature" version="0.6.0">
      <category name="designer"/>
   </feature>
   <category-def name="designer" label="Activiti BPMN Designer">
      <description>
         Activiti BPMN Designer
      </description>
   </category-def>
</site>
